{
    "access": "private",
    "accessInformation": null,
    "appCategories": [
    ],
    "avgRating": 0,
    "banner": null,
    "commentsEnabled": true,
    "created": 1425908452000,
    "culture": "en-us",
    "description": "Workshop Demo",
    "documentation": null,
    "extent": [
    ],
    "guid": null,
    "id": "21141a4c68f4401b8279dbd14421a40d",
    "industries": [
    ],
    "languages": [
    ],
    "largeThumbnail": null,
    "licenseInfo": null,
    "listed": false,
    "modified": 1425909060000,
    "name": "ef7b351173554bc08f038193236be073.zip",
    "numComments": 0,
    "numRatings": 0,
    "numViews": 0,
    "owner": "sathya_meldev",
    "ownerFolder": null,
    "properties": null,
    "protected": false,
    "screenshots": [
    ],
    "size": 138245,
    "snippet": "Quake App",
    "spatialReference": null,
    "tags": [
        "qml",
        "app"
    ],
    "thumbnail": "thumbnail/thumbnail.png",
    "thumbnailUrl": "https://www.arcgis.com/sharing/rest/content/items/21141a4c68f4401b8279dbd14421a40d/info/thumbnail/thumbnail.png?token=ziyVOUklpScLbyjLUuybJi40j7yEfEVc7W1o6C_s8g4VONVKjJ389SBhj0VOGP_0_X2A-EMxKD7d4gEqFvhVgwn7Ax5lWcK2p8VKfyUHeBLXx_STELdJ6Qi7T15lDO5N0sb-K6plXaBHzhaaPBZCQA..",
    "title": "GeoRss Feed",
    "type": "Code Sample",
    "typeKeywords": [
        "App",
        "Code",
        "Other",
        "Qml",
        "Sample"
    ],
    "url": null
}
