{
    "access": "private",
    "accessInformation": null,
    "appCategories": [
    ],
    "avgRating": 0,
    "banner": null,
    "commentsEnabled": true,
    "created": 1425939559000,
    "culture": "en-us",
    "description": "Native app in 2 mins, Really!",
    "documentation": null,
    "extent": [
    ],
    "guid": null,
    "id": "ccf8a14d4f3c4eeebeb7283c9aed6308",
    "industries": [
    ],
    "languages": [
    ],
    "largeThumbnail": null,
    "licenseInfo": null,
    "listed": false,
    "modified": 1425939560000,
    "name": "6b264abef8664f19921bdf693f4d9339.zip",
    "numComments": 0,
    "numRatings": 0,
    "numViews": 0,
    "owner": "sathya_meldev",
    "ownerFolder": null,
    "properties": null,
    "protected": false,
    "screenshots": [
    ],
    "size": 19441,
    "snippet": "This is cool",
    "spatialReference": null,
    "tags": [
        "qml",
        "app"
    ],
    "thumbnail": "thumbnail/thumbnail.png",
    "thumbnailUrl": "https://www.arcgis.com/sharing/rest/content/items/ccf8a14d4f3c4eeebeb7283c9aed6308/info/thumbnail/thumbnail.png?token=gMDzvekoFKtqMnMlmCOE6bWv9s-m-HQnH7sM4n2ecc3GhVoHgxzHPsLd_7YeYDmtnslNQs5hbMskkx9Jr2TbLCCduyk2xX03VuDspgbOTWClpXCmkKLXJ2xg4AOQtF4VxyUrNmmp4nRzaIUNFC3IxA..",
    "title": "Hello Workshop",
    "type": "Code Sample",
    "typeKeywords": [
        "App",
        "Code",
        "Other",
        "Qml",
        "Sample"
    ],
    "url": null
}
